time,X_value,Y_value,Z_value
0.000,0.00000,0.00000,0.00000
0.010,0.00000,0.00000,0.00000
0.021,0.00000,0.00000,0.00000
0.031,0.00000,0.00000,0.00000
0.041,0.00000,0.00000,0.00000
0.051,0.00000,0.00000,0.00000
0.061,0.00000,0.00000,0.00000
0.071,0.00000,0.00000,0.00000
0.082,0.00000,0.00000,0.00000
0.092,0.00000,0.00000,0.00000
0.102,0.00000,0.00000,0.00000
0.112,0.00000,0.00000,0.00000
0.123,0.00000,0.00000,0.00000
0.133,0.00000,0.00000,0.00000
0.143,0.00000,0.00000,0.00000
0.154,0.00000,0.00000,0.00000
0.164,0.00000,0.00000,0.00000
0.174,0.00000,0.00000,0.00000
0.185,0.00000,0.00000,0.00000
0.196,0.00000,0.00000,0.00000
0.206,0.00000,0.00000,0.00000
0.216,0.00000,0.00000,0.00000
0.227,0.00000,0.00000,0.00000
0.237,0.00000,0.00000,0.00000
0.247,0.00000,0.00000,0.00000
0.258,0.00000,0.00000,0.00000
0.268,0.00000,0.00000,0.00000
0.280,0.00000,0.00000,0.00000
0.290,0.85766,0.99170,0.24994
0.301,0.33354,0.43520,0.67022
0.311,0.08553,1.49017,0.67572
0.322,0.25413,1.55308,0.60425
0.332,0.94685,1.95381,0.45397
0.343,1.36712,2.44067,-0.11535
0.353,1.21380,2.22626,-1.34747
0.364,0.87049,1.02408,-2.51605
0.374,1.08185,-1.11334,-2.82027
0.384,1.62919,-1.76391,-2.91800
0.395,2.61451,-2.14204,-2.98703
0.405,3.40131,-2.55071,-3.14952
0.416,4.25713,-2.44686,-3.61683
0.427,4.56684,-0.82379,-3.52398
0.438,4.08731,0.78645,-2.70237
0.448,3.12703,1.75589,-1.13000
0.459,2.02014,1.72046,0.12960
0.469,0.98717,1.93610,1.02208
0.480,0.41845,2.11630,1.60790
0.491,0.23153,1.70030,1.66715
0.501,0.24191,0.83837,1.54376
0.512,0.45816,0.04486,1.35866
0.522,0.62920,-0.24164,1.30063
0.533,0.83567,-0.19399,1.24382
0.543,1.14172,0.46513,1.06362
0.554,1.62247,1.73634,0.74597
0.564,1.86193,2.25069,0.59691
0.575,1.53267,2.07354,0.79361
0.585,0.69578,0.80783,0.81805
0.596,-0.19486,-0.31311,0.53705
0.607,-0.69332,-0.73461,0.12838
0.617,-0.75197,-0.67291,-0.26196
0.628,-0.46181,-0.45116,-0.44766
0.638,0.01467,0.17131,-0.17888
0.649,0.53329,0.83654,0.37700
0.660,1.15638,1.17557,0.94389
0.671,1.60658,1.24093,0.99764
0.682,1.82344,0.88907,0.67266
0.693,1.96883,0.09861,0.18764
0.703,2.36100,-0.97834,-0.36642
0.714,2.87107,-1.46031,-0.65353
0.724,3.57907,-1.58004,-0.67552
0.735,4.30600,-1.09441,-0.46171
0.746,4.93702,0.36434,0.14610
0.757,4.74521,0.88907,0.79056
0.768,4.10991,0.87747,1.30918
0.779,3.18995,0.38694,1.31102
0.790,2.80388,-0.11580,1.20350
0.800,2.78189,-0.98078,-0.00540
0.811,2.84053,-1.32653,-0.56617
0.822,3.12519,-0.97162,-0.51425
0.833,3.20522,-0.24775,-0.29189
0.844,2.84969,0.57753,-0.17522
0.855,2.04824,0.22445,-0.31938
0.865,1.80328,-0.12863,-0.17766
0.876,2.04335,-0.18666,-0.01456
0.886,2.39399,-0.47071,0.14304
0.897,2.53571,-0.55074,0.30553
0.907,2.19851,-0.48232,0.63357
0.918,1.71898,-0.28684,0.59203
0.929,1.26511,-0.00157,0.60547
0.939,0.87293,0.13343,1.00253
0.950,0.61881,0.04119,0.98604
0.960,0.35248,-0.26913,0.46497
0.972,-0.07330,-0.55745,-0.68468
0.983,-0.69088,-1.49880,-1.03532
0.993,-0.23884,-1.16771,-0.01151
1.003,-0.20524,-0.53180,0.39044
1.014,-0.35429,-0.34121,0.27682
1.025,-0.28954,-0.61060,0.11372
1.035,-0.20402,-1.08708,-0.07015
1.046,-0.00732,-1.24590,-0.33221
1.056,0.38424,-1.06203,-0.54907
1.067,0.84728,-0.95024,-0.52219
1.078,1.41172,-0.47621,-0.30900
1.089,2.36650,0.95321,0.30675
1.099,3.04578,1.13525,1.07889
1.110,3.11359,0.83165,1.57858
1.120,2.19668,0.58731,0.94266
1.131,1.72387,0.05891,0.02270
1.142,1.14660,-0.50981,-0.10008
1.152,0.69212,-0.19949,0.75513
1.163,1.50823,0.31792,0.84432
1.173,1.01771,-0.11702,0.56332
1.184,0.65486,-0.22087,0.40266
1.194,0.63164,-0.05288,0.19619
1.204,0.47832,0.03142,0.02209
1.215,0.26573,0.00149,0.01476
1.226,0.12462,-0.00218,-0.10436
1.236,0.07148,0.01676,-0.35848
1.247,0.24802,0.00271,-0.43484
1.258,0.45388,-0.08465,-0.37925
1.268,0.56384,-0.12679,-0.26868
1.278,0.61026,-0.31372,0.06668
1.289,0.42761,-0.61304,0.20291
1.299,0.46915,-0.55745,0.13632
1.310,0.55040,-0.32594,-0.10802
1.320,0.59560,0.09739,-0.30717
1.331,0.73732,0.11816,-0.40307
1.342,0.77153,0.43276,-0.24180
1.352,0.60660,0.05646,0.03736
1.363,0.41479,-0.18055,0.16931
1.373,0.27734,-0.23247,0.07096
1.383,0.01284,-0.18544,-0.09031
1.394,-0.17103,-0.11519,-0.18499
1.404,-0.30604,-0.04250,-0.31022
1.415,-0.33352,-0.15612,-0.41285
1.425,-0.31703,-0.09320,-0.43361
1.436,-0.26633,-0.02845,-0.41712
1.447,-0.10445,0.12794,-0.29739
1.457,-0.10078,0.09251,-0.18805
1.467,-0.11361,-0.06754,-0.13857
1.478,-0.14782,-0.02967,0.05202
1.488,-0.20891,0.14199,0.11006
1.499,-0.04459,0.22934,0.05447
1.509,0.22236,0.34724,0.03797
1.519,0.54062,0.31792,0.06180
1.530,0.91692,0.32647,-0.11352
1.540,1.25656,0.40588,-0.01639
1.550,1.37934,0.39366,0.37028
1.561,1.12095,0.48407,0.61341
1.571,0.89615,0.38083,0.88341
1.581,0.37447,0.12122,0.60669
1.592,0.04338,0.14809,0.24567
1.602,-0.35674,0.08579,0.02637
1.612,-0.80756,0.13893,-0.13612
1.623,-1.07695,0.09189,-0.15140
1.633,-1.13803,0.13466,-0.17033
1.643,-1.00609,0.16153,-0.18621
1.653,-0.79412,0.22445,-0.17827
1.664,-0.51495,0.19513,-0.15445
1.674,-0.23884,0.20246,-0.16544
1.685,0.04643,0.29776,-0.15750
1.695,0.39890,0.12671,-0.12391
1.705,0.63836,-0.01440,-0.02922
1.716,0.74649,-0.12741,0.08562
1.726,0.98472,-0.24897,0.03675
1.737,1.16004,0.20552,-0.04449
1.747,1.32253,0.08701,-0.43606
1.757,1.32803,0.02348,-0.81602
1.767,1.05619,-0.09381,-0.55823
1.778,0.39707,-0.32655,-0.06282
1.788,-0.09162,-0.38641,0.25605
1.799,-0.05192,-0.41146,0.29087
1.809,0.17899,-0.37358,0.28232
1.819,0.30544,-0.37297,0.27926
1.830,0.36714,-0.45483,0.28354
1.840,0.32743,-0.57456,0.31042
1.850,0.27001,-0.74866,0.35990
1.861,0.23641,-0.94352,0.40816
1.871,0.18143,-1.02538,0.44725
1.881,0.08919,-1.04859,0.45825
1.892,-0.05741,-1.10174,0.46314
1.902,-0.25839,-1.12373,0.47841
1.912,-0.35246,-1.07119,0.46680
1.923,-0.32619,-0.97529,0.39961
1.933,-0.23945,-0.82318,0.31286
1.943,-0.15210,-0.66069,0.20779
1.954,-0.17653,-0.62037,0.12472
1.964,-0.39400,-0.62098,0.10700
1.974,-0.77213,-0.64420,0.19741
1.984,-1.29808,-0.41940,0.36295
1.995,-1.43858,-0.27218,0.44481
2.005,-1.35489,-0.12557,0.51445
2.015,-1.15453,-0.03272,0.58042
2.025,-0.99326,-0.14207,0.54621
2.036,-0.78190,-0.28623,0.38067
2.046,-0.56993,-0.33082,0.20413
2.056,-0.37812,-0.37969,0.07890
2.067,-0.17348,-0.34915,-0.02311
2.077,-0.02015,-0.34304,-0.08176
2.087,0.09958,-0.33632,-0.13735
2.098,0.27001,-0.31800,-0.24913
2.108,0.38363,-0.39924,-0.36092
2.118,0.51680,-0.45911,-0.43728
2.129,0.78375,-0.59533,-0.55701
2.139,0.99022,-0.70528,-0.71706
2.149,1.22052,-0.74010,-0.81235
2.160,1.45142,-0.81219,-0.88871
2.170,1.63896,-0.83112,-0.83251
2.180,1.73242,-0.34854,-0.71339
2.191,1.74586,0.68016,-0.66452
2.201,1.75686,0.76079,-0.57656
2.211,1.63346,0.48957,-0.36275
2.222,1.05558,0.75957,-0.13001
2.232,0.57666,1.32340,-0.12513
2.242,0.30116,1.51827,-0.01273
2.253,0.15761,1.43091,0.15343
2.263,0.03361,1.40098,0.18519
2.273,-0.11850,1.37777,0.20107
2.284,-0.22051,1.25254,0.26644
2.294,-0.19486,1.08944,0.33913
2.304,-0.11239,1.02041,0.37517
2.315,-0.02320,0.98498,0.41549
2.325,0.05315,1.00758,0.47535
2.335,0.06904,1.01980,0.55232
2.346,0.09408,0.95810,0.61096
2.356,0.07331,0.94711,0.63723
2.366,-0.02809,0.97582,0.60852
2.376,-0.09834,0.95505,0.54438
2.387,-0.12705,0.86586,0.43626
2.397,-0.22174,0.62640,0.16198
2.407,-0.45692,0.39366,-0.05610
2.418,-0.66584,0.22079,-0.20332
2.428,-0.75624,0.05891,-0.29373
2.438,-0.82588,0.05769,-0.39024
2.448,-0.92179,0.41993,-0.44950
2.459,-0.48991,0.66977,-0.47882
2.469,0.23886,0.57998,-0.39880
2.480,0.54123,0.54455,-0.25219
2.490,0.27917,0.10289,-0.25830
2.500,-0.06352,-0.61549,-0.59183
2.511,0.33598,-0.65947,-0.81724
2.521,0.93036,-0.28623,-0.66819
2.531,1.27427,-0.25447,-0.46416
2.542,1.36651,-0.62343,-0.42384
2.552,1.34086,-1.19459,-0.53991
2.563,0.99999,-1.26667,-0.72255
2.573,0.71167,-1.59226,-0.72439
2.583,0.61148,-2.14021,-0.55151
2.593,0.47893,-2.21351,-0.53624
2.604,0.26451,-2.15426,-0.65963
2.614,0.02383,-1.93984,-0.70301
2.624,-0.45753,-1.59531,-0.61504
2.635,-0.92057,-1.65213,-0.45133
2.645,-1.10688,-1.81156,-0.25036
2.655,-1.02808,-1.86654,-0.17705
2.665,-0.92301,-1.74559,-0.28579
2.676,-0.80511,-1.53667,-0.46171
2.686,-0.66217,-1.39129,-0.47882
2.697,-0.56565,-1.32837,-0.33465
2.707,-0.57970,-1.15671,-0.07259
2.717,-0.67011,-1.01438,0.07096
2.727,-0.87842,-0.92703,0.21329
2.738,-0.99448,-0.76393,0.35074
2.748,-1.01586,-0.40474,0.57309
2.759,-1.09588,0.03692,0.71420
2.769,-0.96149,0.44131,0.57004
2.779,-0.54366,0.30509,0.70015
2.790,0.46243,0.05219,0.70382
2.800,1.04092,-0.25447,0.31347
2.810,0.99755,-0.47682,-0.08237
2.820,1.12889,-0.33815,0.04836
2.831,1.38362,-0.08831,0.38006
2.841,1.52045,0.05402,0.58775
2.851,1.43554,0.12244,0.52667
2.862,1.54489,0.05341,0.27804
2.872,1.82711,0.27393,0.08196
2.882,1.58398,0.91290,0.08257
2.892,1.10262,1.12426,0.22551
2.903,0.62614,1.41014,0.39289
2.913,0.24374,1.76628,0.51445
2.923,0.13929,1.99352,0.70748
2.934,0.17655,2.11630,0.88097
2.944,0.19854,2.20305,0.93167
2.954,0.13929,2.22381,0.87608
2.965,0.03177,2.04483,0.79850
2.977,-0.06719,1.91960,0.81011
2.987,-0.14110,2.00024,0.82355
2.998,-0.21379,2.06499,0.82782
3.008,-0.19547,2.03628,0.82416
3.018,-0.07207,1.85119,0.79545
3.029,-0.10689,1.76872,0.72336
3.039,-0.25045,1.72229,0.62501
3.049,-0.36529,1.58913,0.51995
3.060,-0.48624,1.28980,0.37700
3.070,-0.57787,0.87197,0.21818
3.080,-0.72875,0.36251,-0.03777
3.091,-0.82222,0.13527,-0.45194
3.101,-0.72509,0.30509,-0.60344
3.111,0.11119,-0.00707,-0.55090
3.122,0.31888,-0.20804,-0.30472
3.132,-0.33047,0.03081,-0.20393
3.142,-0.25106,0.06196,-0.11291
3.153,-0.08857,-0.26424,0.00071
3.163,0.03055,-0.32777,-0.06648
3.173,0.40746,-0.06082,-0.24486
3.184,0.80146,-0.16406,-0.39208
3.194,0.87293,-0.83418,-0.42628
3.205,0.90531,-1.46825,-0.55762
3.215,0.95418,-1.67289,-0.59427
3.225,0.81185,-1.83355,-0.55518
3.236,0.63286,-2.20374,-0.55701
3.246,0.34454,-2.44930,-0.50936
3.257,-0.06780,-2.43098,-0.49470
3.267,-0.32253,-2.40349,-0.47271
3.277,-0.89186,-2.33507,-0.45927
3.288,-1.08611,-2.29537,-0.45683
3.299,-1.07817,-2.26788,-0.45377
3.309,-0.93828,-2.19091,-0.50203
3.319,-0.80145,-2.12799,-0.62543
3.330,-0.73608,-2.10783,-0.78364
3.340,-0.75441,-2.04980,-0.82274
3.350,-0.82099,-2.04369,-0.77509
3.361,-0.96210,-1.96916,-0.64314
3.371,-1.07023,-1.79934,-0.37986
3.381,-1.02502,-1.56355,0.03919
3.391,-1.01525,-1.18909,0.62135
3.402,-1.16674,-0.74377,1.28536
3.412,-1.51005,-0.87083,1.79421
3.422,-0.66889,-0.64908,1.29391
3.433,0.44166,0.49079,0.96038
3.443,0.43800,-0.03394,0.15831
3.454,0.42089,-0.19399,-0.13063
3.464,0.33415,-0.23919,-0.29128
3.474,0.29322,-0.27462,-0.26502
3.484,0.38974,-0.05410,-0.13063
3.495,0.73793,0.06318,-0.08481
3.505,1.13377,-0.03761,-0.00295
3.515,1.50762,0.40405,0.11433
3.525,1.69577,1.34295,0.03003
3.536,1.74708,1.72474,0.11555
3.546,1.46486,1.71374,0.37151
3.557,0.65241,1.85607,0.69404
3.567,0.35003,1.94648,0.91029
3.577,0.42884,1.82248,1.06178
3.588,0.38791,1.58180,1.18762
3.598,0.01772,1.57202,1.20350
3.609,-0.18081,1.59218,1.19129
3.619,-0.52534,1.63555,1.17296
3.630,-0.53878,1.77910,1.13142
3.640,-0.42271,1.80843,1.03857
3.651,-0.26205,1.65143,0.93839
3.663,-0.20646,1.41625,0.75757
3.674,-0.34391,1.25376,0.62440
3.684,-0.68660,1.08883,0.46497
3.694,-1.07267,0.82188,0.30798
3.704,-1.27120,0.60136,0.13082
3.715,-1.27487,0.34418,-0.07198
3.725,-1.18935,0.35090,-0.20515
3.735,-0.86376,0.33502,-0.46171
3.746,0.46182,0.22873,-0.67674
3.756,0.64447,0.32586,-0.60344
3.766,-0.05253,0.37473,-0.35787
3.777,-0.18692,0.14321,-0.23753
3.787,0.16739,-0.17139,-0.35542
3.797,0.68357,-0.53546,-0.57411
3.808,1.08735,-0.55929,-0.81418
3.818,1.21624,-0.43956,-0.87344
3.829,1.15210,-0.26852,-0.81785
3.839,1.07391,-0.52202,-0.80197
3.849,0.96395,-1.07852,-0.80197
3.860,0.54734,-1.36868,-0.74149
3.870,0.06965,-1.49635,-0.73966
3.880,-0.36162,-1.69489,-0.67185
3.891,-0.54611,-1.70588,-0.59610
3.903,-0.79351,-1.50491,-0.58450
3.913,-1.07878,-1.43344,-0.61932
3.924,-1.15880,-1.64357,-0.69201
3.934,-1.09650,-1.79690,-0.79708
3.944,-1.06840,-1.73459,-0.89482
3.955,-1.06168,-1.63441,-0.91742
3.965,-0.99020,-1.48292,-0.76898
3.975,-0.78618,-1.39190,-0.56678
3.985,-0.66339,-1.14083,-0.31266
3.996,-0.66217,-0.85556,-0.05549
4.006,-0.74830,-0.74071,0.18336
4.016,-1.09833,-0.41818,0.41488
4.027,-1.28220,-0.06937,0.40632
4.037,-1.07450,0.13771,0.23162
4.047,-0.30481,0.22751,-0.02311
4.058,0.34026,0.40649,-0.16056
4.068,0.16311,0.15115,0.02453
4.078,0.39279,-0.06632,0.04897
4.088,0.86194,-0.47438,-0.28945
4.099,1.25045,-0.74071,-0.57717
4.109,1.66095,-0.75049,-0.57778
4.119,1.97310,-0.40046,-0.40246
4.130,1.93523,0.06868,-0.27662
4.140,1.78435,0.34174,-0.25036
4.150,1.63529,0.74430,-0.14956
4.161,0.81735,1.73268,-0.01578
4.171,0.22603,2.37836,0.24139
4.181,0.09530,2.82674,0.42954
4.192,0.37019,3.15233,0.61707
4.202,0.65486,3.49319,0.69649
4.212,0.75870,3.61048,0.63418
4.222,0.70739,3.44555,0.53888
4.233,0.70922,3.29894,0.49795
4.243,0.67685,3.08391,0.42037
4.253,0.51252,2.98740,0.41243
4.264,0.28650,2.86278,0.47047
4.274,0.08553,2.68013,0.43137
4.284,0.03788,2.45961,0.33058
4.294,-0.07207,2.07782,0.28782
4.305,-0.50823,1.64960,0.20718
4.315,-0.64201,1.36127,0.10639
4.325,-0.60902,0.96482,-0.02311
4.336,-0.80817,0.45169,-0.11658
4.346,-0.85887,0.09678,-0.19171
4.357,-0.59009,0.06441,-0.28334
4.367,-0.83810,0.03997,-0.17400
4.378,-1.16491,-0.08587,-0.18072
4.389,-1.23027,-0.03883,-0.34870
4.399,-1.00242,-0.19460,-0.20943
4.409,-0.78679,-0.19704,0.10211
4.420,-0.14355,0.03203,0.22001
4.430,0.45449,0.01065,0.21207
4.440,0.96640,-0.30639,-0.01700
4.451,1.07513,-0.71139,-0.24547
4.461,0.86621,-0.99606,-0.41834
4.471,0.31460,-1.57577,-0.58877
4.481,-0.06352,-1.96550,-0.62970
4.492,-0.31092,-2.17380,-0.57534
4.502,-0.55649,-2.29964,-0.46966
4.513,-0.62674,-2.32347,-0.34076
4.523,-0.52167,-2.25322,-0.25769
4.533,-0.37567,-1.99665,-0.14468
4.544,-0.31153,-1.94045,-0.13307
4.554,-0.21074,-2.02353,-0.18744
4.564,-0.11911,-2.16037,-0.25158
4.575,-0.22968,-2.22634,-0.32060
4.585,-0.44104,-2.23856,-0.42201
4.595,-0.46547,-2.24528,-0.49470
4.606,-0.35002,-2.17075,-0.48981
4.616,-0.26389,-1.99604,-0.38536
4.627,-0.20341,-1.79690,-0.23692
4.637,-0.24495,-1.59165,0.01598
4.647,-0.45509,-1.40045,0.36418
4.658,-0.80084,-1.07058,0.66350
4.668,-0.83138,-0.89343,0.64578
4.678,-0.26450,-0.57700,0.42221
4.688,0.23030,-0.13046,0.26766
4.699,0.00489,0.12061,0.21207
4.709,-0.44226,-0.04921,0.38189
4.719,-0.40438,-0.33327,0.31531
4.730,-0.23029,-0.17322,0.14060
4.740,-0.11056,-0.02234,0.10944
4.750,0.28223,0.00882,0.18764
4.761,0.78619,0.12916,0.29820
4.771,1.03848,0.33868,0.35562
4.781,1.09468,1.16702,0.40510
4.792,1.33964,1.46329,0.29148
4.802,1.47219,1.37777,0.13877
4.812,1.23029,1.51216,0.04469
4.823,0.92241,1.79865,0.02026
4.833,0.16922,1.96359,0.14732
4.843,0.08553,1.77727,0.22673
4.854,0.13501,1.76567,0.26033
4.864,0.16433,1.70641,0.28415
4.875,0.17838,1.72718,0.32386
4.886,0.20953,1.80293,0.33669
4.897,0.20648,1.77666,0.32813
4.907,0.22664,1.68870,0.29698
4.917,0.20770,1.50666,0.24445
4.928,0.09469,1.27758,0.19435
4.938,-0.18997,1.12792,0.13021
4.948,-0.66339,0.98803,-0.01395
4.958,-1.07084,0.74552,-0.27723
4.969,-0.90041,0.63495,-0.63825
4.979,-0.63590,0.65328,-1.13000
4.989,-0.21563,1.26964,-1.24851
5.000,0.99144,-0.00951,-0.49531
5.010,1.31092,0.16214,-0.29312
5.020,0.51680,0.71681,-0.51853
5.030,-0.01038,0.58547,-0.34687
5.041,0.15211,-0.13290,-0.18499
5.052,0.51069,-0.47193,-0.29067
5.062,0.69151,-0.58922,-0.39941
5.072,0.70983,-0.65764,-0.39269
5.083,0.72327,-0.54340,-0.42262
5.093,0.80574,-0.48721,-0.74455
5.103,0.64936,-1.23735,-0.84717
5.114,0.76725,-1.78346,-0.75371
5.124,1.08796,-1.75109,-0.67002
5.135,0.75626,-1.82500,-0.45988
5.145,0.22786,-1.83294,-0.36520
5.155,-0.00854,-1.62403,-0.35787
5.166,-0.00916,-1.42916,-0.37497
5.178,0.02689,-1.44260,-0.45316
5.188,-0.09468,-1.48597,-0.49470
5.198,-0.35796,-1.51590,-0.47576
5.209,-0.62796,-1.65029,-0.40124
5.219,-0.77151,-1.70588,-0.29495
5.230,-0.66645,-1.52751,-0.18744
5.240,-0.50518,-1.25628,-0.04449
5.250,-0.53511,-0.96124,0.25972
5.261,-0.72142,-0.70956,0.51628
5.271,-0.93339,-0.26485,0.88036
5.282,-1.12276,0.08579,1.16013
5.293,-1.05007,-0.26363,0.81560
5.303,0.07026,0.05585,0.48757
5.313,0.55345,0.37350,0.31653
5.324,-0.21868,-0.08587,0.39533
5.334,-0.76968,-0.48721,0.36540
5.345,-0.53572,-0.60510,0.13388
5.355,-0.22113,-0.35892,0.05141
5.365,-0.10140,-0.25263,0.20413
5.376,0.12096,-0.23370,0.42526
5.386,0.14356,0.81394,0.46375
5.396,0.00978,2.01612,0.33608
5.406,0.21687,1.84752,0.44725
5.417,1.13805,1.39121,0.66106
5.427,1.31398,1.95992,0.54072
5.437,0.72633,2.07415,0.67938
5.448,0.32316,1.92693,0.87425
5.458,0.22542,1.94037,0.94328
5.468,-0.00671,1.97275,0.95000
5.479,-0.41233,1.97397,0.95183
5.489,-0.41233,1.97397,0.95183
5.499,-0.41233,1.97397,0.95183
5.510,-0.41233,1.97397,0.95183
5.520,-0.40377,2.07110,0.65495
5.531,-0.27488,1.95809,0.47596
5.541,-0.20708,1.77910,0.30675
5.551,-0.21563,1.55736,0.07096
5.562,-0.44104,1.23360,-0.22653
5.572,-0.72875,0.81699,-0.52341
5.582,-0.80572,0.51522,-0.83617
5.593,-0.57421,0.86342,-1.03593
5.603,-0.33597,0.85303,-0.99195
5.614,1.10201,0.03203,-0.48126
5.624,0.70922,0.29226,-0.03716
5.635,-0.64384,0.74308,0.11616
5.645,-0.59497,0.58853,0.00621
5.655,-0.13866,0.17436,-0.16544
5.666,0.08064,-0.08159,-0.31877
5.679,0.39890,-0.27829,-0.45133
5.689,0.74526,-0.73888,-0.50875
5.700,0.87904,-1.30210,-0.56923
5.711,0.86499,-1.63258,-0.63520
5.721,0.84361,-1.71688,-0.70545
5.731,1.05864,-1.78468,-0.80746
5.741,0.98900,-1.83050,-0.92842
5.752,0.66096,-1.65518,-1.03165
5.762,0.39218,-1.37174,-1.09213
5.773,0.26451,-1.26667,-1.14344
5.783,0.07148,-1.24529,-1.17337
5.793,-0.13560,-1.19886,-1.24362
5.804,-0.08612,-1.23429,-1.36152
5.814,0.24924,-1.36929,-1.40917
5.824,0.43128,-1.44321,-1.28516
5.835,0.51313,-1.46642,-1.09457
5.845,0.66463,-1.37968,-0.72744
5.855,0.51619,-1.24346,-0.40124
5.866,-0.12583,-1.02782,-0.06465
5.876,-1.18568,-0.53241,0.28660
5.887,-1.43491,-0.24958,0.41060
5.897,-0.89613,-0.11030,0.12166
5.907,-0.16493,0.08945,0.03431
5.918,0.98961,0.02103,0.32264
5.928,0.71228,-0.04677,0.31225
5.939,0.12401,-0.20682,0.37212
5.950,-0.03725,-0.68757,0.38983
5.960,0.27856,-0.78836,0.02881
5.970,0.48198,-0.78470,-0.09886
5.981,0.81857,-0.76393,-0.26318
5.991,1.08796,-0.57945,-0.18377
6.001,1.05986,-0.04738,0.19680
6.012,0.85827,0.77362,0.56210
6.022,0.79291,1.19756,0.80339
6.035,0.54368,1.76628,0.94266
6.046,0.08003,2.11813,0.97199
6.057,-0.04336,2.37653,1.05629
6.069,-0.24128,2.44373,0.98481
6.081,-0.42149,2.40158,0.86447
6.091,-0.37506,2.39974,0.76124
6.101,-0.32925,2.40402,0.76857
6.112,-0.45386,2.33011,0.83637
6.122,-0.62124,2.47977,0.94511
6.132,-0.56504,2.64287,0.94266
6.142,-0.34330,2.56773,0.83271
6.153,-0.17592,2.20121,0.64640
6.163,-0.33841,1.77788,0.49734
6.174,-0.74647,1.38571,0.35318
6.184,-1.05557,1.10593,0.17175
6.194,-1.10810,0.64473,-0.28029
6.205,-0.64568,0.45414,-0.87038
6.215,0.26207,-0.02173,-0.84656
6.225,1.15882,-0.63320,-0.11108
6.235,-0.12217,-0.35526,0.20963
6.246,-0.77213,-0.10664,-0.01151
6.256,-0.37445,-0.33449,-0.09581
6.266,-0.22051,-0.53974,-0.12330
6.277,-0.06413,-0.34610,-0.29495
6.287,0.50519,-0.04738,-0.57350
6.297,1.09101,-0.59105,-0.75188
6.308,1.22479,-1.60020,-0.86061
6.318,1.11789,-1.91480,-1.02676
6.328,1.03848,-2.00154,-1.01638
6.339,1.02199,-2.25383,-0.89543
6.349,0.73977,-2.44747,-0.84656
6.359,0.38669,-2.39066,-0.84778
6.369,0.15639,-2.28804,-0.82396
6.380,-0.16859,-2.25077,-0.73294
6.390,-0.35124,-2.28681,-0.67124
6.400,-0.37140,-2.39127,-0.67185
6.411,-0.27244,-2.47435,-0.70728
6.421,-0.16920,-2.57331,-0.71339
6.431,-0.17226,-2.61790,-0.63642
6.441,-0.25106,-2.61546,-0.47699
6.452,-0.31092,-2.48657,-0.25769
6.462,-0.32314,-2.16953,-0.05854
6.472,-0.40072,-1.83233,0.09906
6.482,-0.75136,-1.38518,0.35684
6.493,-1.02502,-1.09196,0.54805
6.503,-1.38055,-0.41024,0.87058
6.514,-1.33779,-0.07426,0.81255
6.524,-0.88147,0.18536,0.68060
6.534,0.29994,0.29470,0.58103
6.544,0.05865,-0.02600,0.49857
6.555,-0.64812,-0.18055,0.53216
6.565,-0.46853,-0.26302,0.59936
6.575,-0.00854,-0.04983,0.49673
6.585,0.15395,-0.01623,0.44359
6.596,0.36347,-0.32166,0.41671
6.606,0.68173,-0.15062,0.48390
6.616,0.90165,1.16824,0.62624
6.627,1.22907,1.47306,0.73925
6.637,1.39278,1.41136,0.63906
6.647,1.26450,1.73879,0.48329
6.658,0.92852,2.14685,0.42771
6.668,0.38119,2.29956,0.50162
6.678,-0.04153,2.35882,0.61952
6.689,-0.10140,2.40463,0.72764
6.699,-0.07818,2.29529,0.74841
6.710,-0.17165,2.23176,0.73192
6.720,-0.32253,2.15601,0.72275
6.731,-0.36162,2.08576,0.76124
6.741,-0.28404,2.05827,0.81744
6.751,-0.09223,2.13768,0.82965
6.762,0.15822,2.24825,0.77468
6.772,0.29139,2.19022,0.66594
6.782,0.08858,1.93365,0.52422
6.792,-0.60414,1.55370,0.27560
6.803,-1.26265,1.22077,-0.05793
6.813,-1.52410,0.84998,-0.49776
6.823,-1.35306,0.63618,-1.02554
6.834,-0.99815,1.14503,-1.51729
6.844,0.43617,0.89518,-1.58143
6.854,0.91814,0.24583,-0.85084
6.864,1.19791,0.17986,-0.21920
6.875,1.09285,0.12855,0.09906
6.885,0.38241,-0.14634,0.38800
6.895,0.01223,-0.49637,0.33485
6.906,0.26635,-0.35587,0.09417
6.916,0.57239,0.38755,-0.18499
6.926,0.29567,0.14199,-0.56129
6.937,0.00856,-1.29477,-0.60710
6.947,0.51985,-1.75597,-0.78547
6.958,1.36040,-1.86410,-0.88993
6.968,1.15760,-2.21107,-0.68957
6.979,0.51008,-2.27399,-0.55334
6.989,-0.00854,-2.06690,-0.48920
7.000,-0.07330,-1.79018,-0.47760
7.010,-0.18325,-1.72543,-0.56617
7.020,-0.51434,-1.75414,-0.65108
7.031,-0.78129,-1.75109,-0.68773
7.041,-0.97921,-1.89403,-0.70789
7.051,-0.98226,-1.99177,-0.71461
7.061,-0.81733,-1.98871,-0.66697
7.072,-0.56871,-1.79629,-0.56251
7.082,-0.20341,-1.57699,-0.44828
7.092,-0.08673,-1.39129,-0.22653
7.102,-0.20097,-1.15610,-0.00051
7.113,-0.52534,-0.76576,0.29393
7.123,-1.04152,-0.23675,0.56271
7.133,-1.40926,0.14076,0.58653
7.144,-0.99265,-0.07670,0.49429
7.154,0.48870,0.39122,0.48207
7.165,0.85888,0.26599,0.20840
7.175,0.13562,-0.27524,0.14915
7.185,-0.18570,-0.62893,0.18825
7.196,0.22725,-0.79019,0.18458
7.206,0.53024,-0.74255,0.30614
7.217,0.87721,-0.52630,0.33669
7.227,0.96456,-0.56601,0.35074
7.237,0.60904,0.20429,0.33302
7.247,0.82407,0.73697,0.33485
7.258,1.63102,0.74858,0.58042
7.268,1.42516,1.05034,0.70992
7.279,0.62737,1.26781,0.73802
7.289,-0.01038,1.50422,0.75574
7.300,0.28650,1.67281,0.65434
7.310,0.28162,1.74184,0.57309
7.321,0.03910,1.84325,0.48024
7.331,-0.11972,1.92999,0.43137
7.342,0.05254,2.15051,0.35807
7.352,0.29017,2.16090,0.21085
7.362,0.45938,2.23359,0.12655
7.373,0.41356,2.29895,0.13205
7.383,0.12829,2.07721,0.15159
7.393,-0.24739,1.76567,0.11677
7.404,-0.58948,1.46512,0.04591
7.414,-0.92667,1.21894,-0.06343
7.424,-1.16125,1.01736,-0.15995
7.434,-0.88880,0.85120,-0.28640
7.445,-0.30481,0.53233,-0.82518
7.455,0.23580,0.34296,-0.82701
7.465,1.41355,0.01981,-0.36214
7.476,0.64447,0.24767,-0.52891
7.489,0.00734,0.36434,-0.64192
7.499,0.16311,0.14565,-0.30472
7.510,0.04521,-0.12863,-0.19660
7.520,0.09530,-0.33205,-0.24425
7.530,0.41967,-0.57089,-0.33404
7.541,0.74099,-0.79569,-0.51058
7.551,0.77153,-1.34181,-0.67430
7.561,0.73182,-2.15853,-0.72072
7.572,1.09712,-1.99054,-0.48371
7.582,1.11911,-1.47681,-0.09642
7.593,0.22847,-1.61914,0.07401
7.603,-0.79656,-1.52079,0.06485
7.613,-0.82283,-1.27339,-0.04816
7.623,-0.32253,-1.30088,-0.10925
7.634,-0.00121,-1.41022,-0.18133
7.644,0.11485,-1.45970,-0.26807
7.654,0.12585,-1.32898,-0.35848
7.665,0.07698,-1.24529,-0.39818
7.675,0.02811,-1.19520,-0.37680
7.685,-0.08246,-1.13167,-0.25952
7.696,-0.30115,-1.05042,-0.08053
7.706,-0.49907,-0.86533,0.16137
7.716,-0.50823,-0.46766,0.47596
7.727,-0.28588,-0.18727,0.60119
7.737,-0.08857,-0.24347,0.55049
7.747,0.03238,-0.08342,0.53766
7.757,0.52169,0.35701,0.42160
7.769,-0.10201,0.29837,0.28110
7.779,-0.60108,0.09861,0.41304
7.790,-0.09162,-0.25691,0.32325
7.801,-0.00121,-0.37236,0.21940
7.811,0.03605,-0.34121,0.19680
7.821,0.47526,-0.20193,0.13877
7.832,0.89493,-0.02661,0.08868
7.842,0.96395,0.13038,0.03370
7.852,0.95418,0.59097,0.00865
7.863,1.09468,1.04179,0.05019
7.873,1.15882,1.57324,0.22490
7.884,0.90165,1.88173,0.37700
7.894,0.23947,1.93976,0.37334
7.904,-0.22907,2.10714,0.28537
7.915,-0.31947,2.18472,0.21512
7.925,-0.25167,2.10592,0.18397
7.935,-0.25533,2.09920,0.17542
7.946,-0.25045,2.17739,0.14915
7.956,-0.10628,2.23298,0.12899
7.966,0.26146,2.18166,0.14182
7.976,0.61881,2.05338,0.11616
7.987,0.76909,1.87623,0.09723
7.997,0.63531,1.52682,0.09356
8.008,0.12890,1.22261,0.05324
8.019,-0.58092,1.00880,-0.08664
8.029,-0.96272,0.66550,-0.37314
8.039,-0.90407,0.29959,-0.62787
8.050,-1.01097,-0.22392,-1.14649
8.060,-1.69514,0.35029,-1.13489
8.070,0.66952,-1.28744,-0.27845
8.081,1.22357,-0.99667,0.00315
8.091,-0.29626,-0.34610,0.18214
8.101,-1.43980,-0.14451,0.28843
8.112,-0.86986,-0.65031,0.19497
8.122,-0.12766,-0.81585,-0.03533
8.132,0.28040,-0.86105,-0.16850
8.143,0.48992,-1.10723,-0.20088
8.153,0.49725,-1.54095,-0.23875
8.163,0.38363,-1.97833,-0.24913
8.174,0.62065,-2.29781,-0.20393
8.184,1.19791,-2.41937,-0.23753
8.194,1.44226,-2.30209,-0.18011
8.204,0.76725,-2.21046,-0.05732
8.215,-0.42943,-2.09622,0.07096
8.225,-0.91873,-2.05041,0.03248
8.235,-0.67805,-2.06751,-0.09458
8.246,-0.35063,-2.14998,-0.20698
8.256,-0.16920,-2.24466,-0.32122
8.266,-0.10017,-2.27154,-0.37436
8.277,0.04460,-2.28132,-0.41956
8.287,0.19487,-2.25016,-0.34137
8.297,0.22786,-2.19824,-0.21004
8.308,0.09408,-2.10722,-0.09153
8.318,-0.23884,-1.86287,0.04347
8.328,-0.71715,-1.34914,0.24078
8.338,-1.41415,-0.52874,0.60425
8.349,-1.62123,-0.12741,0.81866
8.359,-1.44591,-0.48293,0.42404
8.369,-0.91690,-0.24469,0.16870
8.379,0.81735,0.10045,0.06729
8.390,0.22542,-0.19277,-0.02922
8.400,-0.73486,-0.33571,0.22368
8.410,-0.25350,-0.26546,0.22795
8.421,0.28650,-0.21842,0.16198
8.431,0.55834,-0.29478,0.17969
8.442,0.70189,-0.34182,0.21574
8.452,0.55834,0.36190,0.27804
8.462,0.47404,1.69297,0.30614
8.473,0.81796,2.21038,0.23223
8.483,1.23457,1.48650,0.35318
8.494,0.82895,1.68320,0.53705
8.504,0.14356,2.04666,0.53400
8.514,-0.33352,2.11019,0.61891
8.524,-0.12400,1.93549,0.65067
8.535,0.03849,1.78216,0.56271
8.545,-0.11117,1.73207,0.46802
8.556,-0.22418,1.78216,0.41732
8.566,-0.15515,1.86463,0.38739
8.576,0.14051,1.91533,0.35318
8.587,0.34393,1.83225,0.31225
8.597,0.52657,1.52682,0.19619
8.607,0.46060,1.25254,0.09906
8.618,0.10630,0.88724,-0.02556
8.630,-0.57665,0.57081,-0.11658
8.640,-1.12765,0.20857,-0.28579
8.651,-1.20706,0.26843,-0.55273
8.661,-1.59007,1.13892,-1.08113
8.672,-0.42393,0.60258,-0.51853
8.682,1.29321,-0.24469,0.12166
8.692,0.73305,0.32219,0.00499
8.702,-0.59253,0.72842,0.03797
8.713,-0.97554,0.34052,0.08440
8.723,-0.41416,-0.31983,0.01415
8.734,0.04216,-0.44994,-0.03167
8.744,0.43128,-0.08831,-0.08481
8.754,0.52169,-0.16956,-0.11291
8.765,0.41540,-1.08402,-0.23203
8.776,0.56323,-1.88731,-0.29373
8.786,1.10812,-1.99482,-0.41834
8.796,1.71043,-1.69855,-0.59122
8.808,1.68539,-1.78224,-0.54907
8.819,0.73488,-1.78896,-0.31755
8.829,-0.18814,-1.59654,-0.18011
8.839,-0.59314,-1.52384,-0.16300
8.850,-0.65240,-1.56416,-0.13918
8.860,-0.63712,-1.69916,-0.08115
8.870,-0.56077,-1.79751,-0.10191
8.880,-0.41355,-1.77735,-0.15934
8.891,-0.17531,-1.71138,-0.22653
8.901,0.14051,-1.59165,-0.27357
8.911,0.35064,-1.46581,-0.24119
8.922,0.16739,-1.34791,-0.08115
8.932,-0.15576,-1.14389,0.08684
8.942,-0.19364,-1.10418,0.11128
8.953,-0.19364,-1.10418,0.11128
8.963,-0.19364,-1.10418,0.11128
8.974,-1.34634,-0.15184,0.85959
8.984,0.08247,0.24461,0.25727
8.994,0.83078,0.27638,-0.32671
9.005,-0.71226,-0.16223,-0.06954
9.015,-1.20951,0.01248,0.20779
9.025,-0.67622,0.35212,0.27010
9.036,-0.10445,0.46330,0.21818
9.046,0.11729,0.33258,0.12105
9.056,0.25840,0.06257,-0.00479
9.067,0.35064,0.08273,-0.04572
9.077,0.64508,1.30568,0.00254
9.087,1.29199,2.02651,0.10395
9.098,1.71715,1.89334,0.41366
9.108,1.06719,1.83347,0.60425
9.118,0.03055,2.06682,0.57309
9.128,-0.31886,2.14501,0.50467
9.139,-0.26572,2.11264,0.43076
9.149,-0.33719,2.07049,0.27377
9.159,-0.42515,2.08698,0.18947
9.170,-0.34635,2.07476,0.16748
9.180,-0.07269,2.11569,0.16381
9.190,0.17594,2.09431,0.15587
9.201,0.42456,1.95992,0.13449
9.211,0.45571,1.72962,0.09539
9.221,0.11790,1.44191,0.07218
9.232,-0.46669,1.20856,0.01476
9.242,-0.72631,0.89335,-0.11535
9.252,-0.74219,0.57937,-0.20576
9.262,-0.75441,0.54088,-0.14223
9.273,-0.62124,0.25561,-0.45500
9.283,0.80330,-0.33082,-0.66208
9.294,0.43250,0.43215,-0.22653
9.304,-0.61025,0.73880,-0.01639
9.314,-0.77396,0.43093,-0.00173
9.325,-0.44531,-0.00096,-0.27112
9.335,-0.14477,-0.09625,-0.41895
9.346,0.23092,-0.26363,-0.50081
9.356,0.57972,-0.69185,-0.57289
9.366,0.69029,-1.56722,-0.71645
9.377,0.72694,-2.15365,-0.78669
9.387,1.09773,-2.20618,-0.76104
9.401,1.51740,-1.98138,-0.60344
9.411,1.20952,-2.00521,-0.40674
9.421,0.11363,-1.92763,-0.23875
9.432,-0.40377,-1.75047,-0.21737
9.442,-0.38056,-1.76697,-0.24119
9.452,-0.26938,-1.88792,-0.22775
9.463,-0.23029,-1.96489,-0.27662
9.473,-0.15149,-1.96672,-0.39513
9.483,0.00062,-1.99971,-0.49959
9.494,0.19426,-2.03758,-0.46171
9.504,0.35248,-2.01192,-0.35848
9.514,0.22053,-1.88853,-0.23753
9.525,-0.22357,-1.56722,-0.09764
9.535,-0.82344,-0.91664,0.06974
9.545,-1.38666,-0.31616,0.38983
9.556,-1.52716,-0.21537,0.56393
9.567,-0.72631,-0.07793,0.46985
9.577,0.80513,0.10533,0.06424
9.588,0.33354,-0.07548,-0.22714
9.598,-0.58887,-0.18299,0.10822
9.608,-0.38239,-0.23980,0.32264
9.618,0.02322,-0.26852,0.38494
9.629,0.23641,-0.44078,0.29759
9.639,0.26268,-0.64237,0.11433
9.649,0.35797,-0.55074,-0.01334
9.660,0.36592,-0.08342,-0.01212
9.670,0.44838,0.81211,0.16931
9.680,0.85705,1.15663,0.38861
9.692,1.13377,0.97398,0.53216
9.702,0.59866,1.14564,0.56576
9.712,-0.11545,1.49627,0.58286
9.723,-0.01587,1.58851,0.59691
9.734,0.18327,1.64227,0.55354
9.746,0.19121,1.80476,0.47596
9.757,0.27306,2.03384,0.41854
9.768,0.59988,2.17067,0.38372
9.778,0.84300,2.16212,0.36418
9.789,0.96823,2.12852,0.33302
9.799,0.88576,2.06743,0.33119
9.810,0.49970,1.88112,0.30553
9.820,0.03727,1.65815,0.24872
9.830,-0.21318,1.42236,0.18275
9.840,-0.32192,1.12609,0.03492
9.851,-0.44104,0.77179,-0.15262
9.861,-0.53694,0.53722,-0.44705
9.872,-0.84787,0.52927,-0.70240
9.882,-0.51801,-0.21476,-0.47576
9.892,0.59682,-0.60388,-0.31266
9.903,0.02200,-0.05655,-0.25524
9.913,-1.16919,0.34663,-0.25707
9.923,-1.46363,0.07235,-0.32366
9.934,-0.79778,-0.64053,-0.48309
9.944,-0.11178,-0.80547,-0.54418
9.954,0.35064,-0.86472,-0.56923
9.965,0.50275,-1.44810,-0.58877
9.975,0.42089,-2.09073,-0.54785
9.985,0.67501,-2.29353,-0.58939
9.996,1.21991,-1.96428,-0.58511
10.006,1.38850,-1.94840,-0.50814
10.016,0.81673,-2.17380,-0.26929
10.026,-0.09345,-1.97039,-0.20454
10.038,-0.57054,-1.54706,-0.31572
10.049,-0.58276,-1.32592,-0.51486
10.059,-0.76235,-1.36502,-0.61382
10.069,-1.07206,-1.46337,-0.67124
10.079,-1.24555,-1.59470,-0.77387
10.090,-0.95722,-1.83416,-0.92597
10.100,-0.43615,-1.91907,-0.94980
10.110,0.52230,-1.95328,-0.89848
10.121,0.74893,-1.84699,-0.74760
10.131,0.16128,-1.50491,-0.44705
10.142,-0.86314,-0.68451,0.03675
10.152,-1.30908,-0.19766,0.33791
10.162,-1.26876,0.30570,0.68732
10.173,-0.81305,0.00576,0.56454
10.183,-0.07940,0.14015,0.21024
10.194,-0.06963,-0.00035,-0.17155
10.204,-0.77946,0.06868,-0.01578
10.214,-1.00120,0.02226,0.25911
10.225,-0.78190,-0.22209,0.29881
10.235,-0.71898,-0.51164,0.24994
10.245,-0.61208,-0.25569,0.18580
10.256,-0.22846,0.52683,0.10456
10.266,0.38852,1.57813,0.21268
10.277,0.59927,1.82614,0.41549
10.288,0.87171,1.51765,0.61158
10.298,1.20586,1.54820,0.77162
10.309,1.37873,1.75467,0.85348
10.320,0.55406,1.96114,1.08377
10.330,-0.10812,2.06804,1.18090
10.340,-0.27305,2.12180,1.20106
10.351,-0.12461,2.15112,1.18335
10.362,0.15639,2.20915,1.14547
10.372,0.35920,2.25314,1.08805
10.382,0.64814,2.24458,0.94755
10.393,1.04764,2.19510,0.69893
10.403,1.21502,2.10775,0.45519
10.413,0.97128,1.88784,0.23101
10.424,0.54429,1.66548,0.12166
10.435,-0.16248,1.30568,0.01293
10.445,-0.34269,1.05340,-0.05732
10.456,-0.38850,1.05034,-0.08053
10.467,0.10263,0.88297,-0.06221
10.477,1.47036,0.50850,0.21146
10.488,0.20220,0.76568,0.38861
10.498,-0.81977,1.00331,0.29270
10.508,-0.81428,0.51339,0.05263
10.518,-0.28343,-0.35343,-0.21615
10.529,-0.31031,-0.83357,-0.40307
10.539,-0.41477,-0.96002,-0.43728
10.549,-0.08185,-0.94474,-0.56006
10.560,0.15334,-0.95818,-0.66941
10.570,0.21809,-1.50002,-0.89848
10.580,0.32254,-2.56903,-0.89909
10.590,0.95113,-2.20740,-0.93636
10.601,1.11545,-1.77308,-0.93514
10.611,0.27245,-1.80240,-0.75554
10.622,-0.70371,-1.84577,-0.57656
10.632,-0.98349,-1.69672,-0.54907
10.642,-0.84115,-1.68939,-0.54662
10.652,-0.65117,-1.77796,-0.55029
10.663,-0.42760,-1.80240,-0.55518
10.673,-0.19180,-1.75109,-0.51547
10.684,0.02750,-1.64480,-0.48187
10.694,0.19548,-1.58310,-0.42445
10.704,0.27429,-1.47009,-0.28701
10.714,0.07453,-1.20558,-0.03533
10.725,-0.33169,-0.78714,0.26949
10.735,-0.76907,-0.20315,0.69282
10.746,-0.94561,0.01309,0.70931
10.757,-0.62246,-0.02539,0.56943
10.767,0.66524,0.07113,0.31470
10.777,0.51680,-0.00218,-0.14712
10.788,-0.46547,-0.04921,-0.17400
10.798,-0.67744,-0.25996,-0.07320
10.808,-0.29260,-0.17078,-0.12574
10.819,-0.19241,-0.05044,-0.06099
10.829,-0.05680,-0.03394,-0.04388
10.840,0.10996,-0.15856,0.08990
10.850,0.00551,1.09982,0.29087
10.860,0.25046,2.28124,0.45397
10.870,0.75320,2.25863,0.69649
10.881,0.59255,2.34293,0.55049
10.891,0.19732,2.72228,0.31775
10.902,0.21503,2.86095,0.36418
10.912,0.30116,2.99289,0.40571
10.922,0.25840,3.17860,0.38250
10.932,0.25840,3.17860,0.38250
10.944,0.22420,3.19692,0.30126
10.954,0.29200,3.20609,0.26033
10.964,0.33110,3.27145,0.23895
10.975,0.31644,3.29344,0.21879
10.985,0.26146,3.15538,0.19497
10.996,0.04704,2.90004,0.14487
11.006,-0.26694,2.59217,0.09173
11.016,-0.58887,2.20793,0.03614
11.026,-0.76785,1.69908,0.04653
11.037,-0.90163,1.14136,0.17053
11.047,-0.88086,0.52439,0.20902
11.058,0.40684,0.33319,-0.12696
11.068,0.73732,0.16337,-0.05732
11.078,-0.40072,0.14199,-0.06343
11.088,-0.92179,-0.11702,-0.26196
11.099,-0.48930,-0.63381,-0.32244
11.109,-0.17775,-1.19275,-0.41590
11.119,-0.06108,-1.41877,-0.34198
11.130,0.20343,-1.50369,-0.36947
11.140,0.39951,-1.59226,-0.44950
11.150,0.40012,-1.86104,-0.60221
11.161,0.39951,-2.16770,-0.86244
11.171,0.42761,-2.72419,-1.16665
11.181,0.58644,-2.97770,-1.22774
11.192,0.56261,-2.56781,-1.02493
11.202,-0.13133,-2.50734,-0.84351
11.213,-0.59864,-2.30575,-0.77448
11.223,-0.39705,-1.98199,-0.76348
11.234,0.00551,-1.81889,-0.73599
11.244,0.20220,-1.79324,-0.72194
11.254,0.29872,-1.70710,-0.73477
11.265,0.24313,-1.66129,-0.79586
11.276,0.06598,-1.67717,-0.83434
11.286,0.06171,-1.56844,-0.80869
11.297,0.15944,-1.31371,-0.69873
11.308,0.08247,-0.92397,-0.41468
11.318,-0.04886,-0.58006,-0.09336
11.330,-0.10078,-0.32044,0.11433
11.340,-0.05314,-0.04799,0.09906
11.350,0.21748,-0.20926,-0.08420
11.361,0.57056,-0.31616,0.02759
11.371,0.33476,-0.56356,0.02148
11.382,-0.20708,-0.91115,-0.06465
11.392,-0.33719,-1.03943,-0.22348
11.403,-0.31031,-0.99606,-0.29739
11.413,-0.17653,-0.70528,-0.29189
11.424,0.33537,-0.09320,-0.15017
11.434,0.66158,0.32769,0.06852
11.445,0.50947,0.96971,0.29270
11.456,0.79413,1.21528,0.47169
11.466,1.12767,1.35883,0.67022
11.476,0.49725,1.64655,0.68121
11.486,-0.40438,1.83225,0.72275
11.497,-0.61025,1.94343,0.85653
11.507,-0.51801,2.02162,1.01536
11.518,-0.59192,2.07537,1.10088
11.528,-0.59864,2.10103,1.09721
11.538,-0.43982,2.09798,1.06423
11.549,-0.11178,2.15418,1.00742
11.560,0.14173,2.17006,0.90113
11.575,0.31827,2.21709,0.70626
11.586,0.23397,2.01673,0.42221
11.596,-0.17714,1.72291,0.22917
11.606,-0.54061,1.41442,0.07707
11.618,-0.66767,0.87869,-0.21309
11.628,-0.31825,0.41260,-0.48615
11.638,1.11606,-0.19460,-0.34015
11.648,1.15515,-0.26913,0.16687
11.659,-0.12155,0.06807,0.51078
11.669,-0.82588,0.07540,0.45886
11.680,-0.79106,-0.40535,0.10150
11.690,-0.67866,-0.77370,-0.01273
11.701,-0.67133,-1.09257,-0.13429
11.711,-0.30970,-1.18665,-0.18072
11.722,0.15028,-1.31737,-0.42323
11.732,0.34331,-1.77002,-0.78242
11.742,0.27184,-2.98626,-1.24607
11.754,0.85216,-3.29657,-1.31326
11.764,1.39828,-2.61179,-0.85817
11.774,1.03909,-2.63440,-0.29250
11.785,0.10813,-2.67899,0.04836
11.796,-0.30909,-2.59530,0.12777
11.806,-0.26755,-2.63623,0.10456
11.817,-0.02320,-2.65150,-0.05427
11.827,0.14662,-2.62096,-0.25524
11.837,0.17533,-2.57514,-0.36398
11.847,0.13134,-2.38333,-0.36703
11.858,0.11607,-2.18724,-0.27845
11.868,0.09714,-2.03575,-0.11474
11.878,0.26635,-1.85677,0.04225
11.889,0.31827,-1.53973,0.24322
11.900,0.03177,-1.09196,0.52544
11.910,-0.70860,-0.37725,1.05323
11.920,-1.22783,-0.12313,1.07461
11.931,-0.87781,0.06624,1.08377
11.941,0.68906,0.61052,0.98970
11.951,0.67318,0.33380,0.63784
11.962,-0.63529,-0.00279,0.42160
11.972,-0.54855,0.05036,0.14671
11.982,-0.29626,0.26905,0.00499
11.993,-0.17470,0.43764,0.16015
12.003,0.13501,0.48407,0.27499
12.013,0.46671,0.45231,0.28843
12.024,0.55223,0.57814,0.29209
12.034,0.91081,1.23299,0.41671
12.044,1.25839,1.96969,0.67999
12.054,1.09529,2.48404,0.92006
12.065,0.53268,2.22443,0.86997
12.075,0.04704,2.21221,0.74291
12.086,-0.19241,2.30506,0.53888
12.096,-0.14232,2.27452,0.48268
12.106,-0.06963,2.33316,0.48574
12.117,0.04399,2.42418,0.49001
12.127,0.24435,2.45045,0.54377
12.137,0.38058,2.43762,0.64090
12.148,0.38485,2.43212,0.69038
12.158,0.33782,2.39547,0.59447
12.168,0.10019,2.30384,0.41915
12.178,-0.02504,2.23909,0.33669
12.189,-0.47830,1.68198,-0.12085
12.199,-0.71104,1.16457,-0.41223
12.209,-1.07389,0.55921,-0.79525
12.220,-1.35245,0.47369,-0.68835
12.230,-0.91629,0.12671,-0.47699
12.241,-0.13622,0.30387,-0.26807
12.251,-0.49052,0.34113,-0.17583
12.261,-1.13437,0.14076,-0.17461
12.271,-0.90591,-0.53302,-0.31938
12.282,-0.29321,-0.88427,-0.39574
12.292,0.08736,-0.99117,-0.34626
12.302,0.40440,-1.24651,-0.32060
12.313,0.39524,-1.52018,-0.35970
12.324,0.23275,-2.01498,-0.39880
12.334,0.56689,-2.58369,-0.49776
12.344,1.00427,-2.60324,-0.49043
12.354,1.13744,-2.45847,-0.49592
12.365,0.93097,-2.54032,-0.46966
12.375,0.33537,-2.58247,-0.38719
12.385,-0.21807,-2.46824,-0.39696
12.395,-0.28038,-2.32163,-0.44583
12.406,-0.22051,-2.36439,-0.46721
12.416,-0.21868,-2.51833,-0.46538
12.426,-0.12522,-2.50367,-0.47088
12.437,0.10202,-2.41571,-0.55457
12.447,0.27673,-2.27887,-0.61749
12.457,0.32804,-2.01620,-0.52830
12.468,0.17288,-1.75719,-0.25463
12.478,-0.04886,-1.48169,0.02209
12.488,-0.27855,-1.10540,0.25178
12.499,-0.39522,-0.68574,0.44359
12.509,-0.57665,-0.37847,0.56515
12.519,-0.50945,-0.59227,0.40571
12.529,0.50336,-0.27524,0.37334
12.540,0.80330,-0.27157,-0.00357
12.550,-0.16676,-0.72178,0.06180
12.560,-0.78373,-0.72850,0.14549
12.571,-0.59620,-0.44933,0.24261
12.581,-0.31398,-0.09259,0.38739
12.591,-0.03725,0.27454,0.48452
12.601,0.24374,0.49751,0.55477
12.612,0.72449,0.76812,0.55843
12.622,1.07452,1.11937,0.52483
12.632,1.43676,1.64288,0.47535
12.643,1.67561,1.87440,0.45825
12.653,1.43127,1.76811,0.47291
12.663,-0.07757,1.73818,0.47230
12.673,-0.46669,1.85791,0.45336
12.684,-0.36773,1.91960,0.43381
12.694,-0.26694,2.00024,0.38372
12.704,-0.14171,2.08698,0.34218
12.715,0.19793,2.16334,0.30920
12.725,0.67074,2.20915,0.27988
12.735,0.97984,2.21832,0.23223
12.745,1.05070,2.16395,0.18214
12.757,0.74038,1.99352,0.06180
12.767,0.34270,1.80049,-0.02800
12.777,-0.43982,1.52010,-0.25952
12.788,-0.60169,1.37471,-0.40002
12.798,-0.56443,1.17374,-0.67674
12.808,-0.59681,0.87808,-0.97484
12.818,0.08003,0.25500,-0.47943
12.829,0.76054,0.08090,0.01171
12.839,-0.21196,0.62335,0.00438
12.849,-1.04518,0.54516,-0.15323
12.860,-0.88025,-0.05777,-0.38902
12.870,-0.42088,-0.52813,-0.56984
12.881,-0.14355,-0.61427,-0.50631
12.891,0.23397,-0.66497,-0.32060
12.902,0.48931,-0.91725,-0.25219
12.912,0.48992,-1.18970,-0.29556
12.922,0.72022,-1.59898,-0.57656
12.933,1.10140,-2.26849,-0.90093
12.943,1.32803,-2.19091,-0.81541
12.953,1.03237,-1.71077,-0.60221
12.964,0.00489,-1.61120,-0.37864
12.974,-0.82099,-1.51590,-0.23631
12.985,-0.64384,-1.48719,-0.28517
12.995,-0.39339,-1.56599,-0.33099
13.006,-0.20585,-1.62891,-0.42812
13.016,0.02872,-1.65762,-0.58572
13.026,0.15700,-1.67289,-0.63581
13.037,0.48137,-1.63991,-0.64986
13.047,0.66707,-1.57516,-0.62970
13.058,0.52474,-1.42427,-0.52463
13.068,0.12585,-1.19703,-0.33404
13.078,-0.26205,-0.61060,-0.12696
13.089,-0.53878,-0.09870,0.01110
13.099,-1.02991,0.26233,0.04591
13.109,-0.45203,0.13099,0.12166
13.120,0.37447,0.10411,0.00376
13.130,0.27245,0.11938,-0.05854
13.140,-0.65301,-0.01684,0.12533
13.150,-0.74280,-0.07548,0.19680
13.161,-0.53206,0.05585,0.30003
13.171,-0.34085,0.11999,0.39228
13.181,-0.16981,0.17070,0.44542
13.192,-0.09407,0.30753,0.46619
13.202,0.19121,0.97154,0.52056
13.212,0.50886,1.41075,0.52300
13.223,0.77153,1.52498,0.43076
13.233,0.72510,1.31912,0.32813
13.243,0.46060,1.40526,0.47169
13.254,-0.03848,1.58241,0.77590
13.264,-0.43920,1.54881,1.00497
13.275,-0.59681,1.57508,1.11371
13.285,-0.55954,1.69847,1.11432
13.295,-0.44104,1.77422,1.09660
13.306,-0.20891,1.88784,1.04468
13.316,0.14417,2.00696,0.94755
13.326,0.41723,2.12852,0.84432
13.336,0.59499,2.20671,0.72947
13.347,0.64019,2.17922,0.57859
13.357,0.51069,2.00879,0.40938
13.368,0.12890,1.70458,0.20107
13.378,-0.56993,1.20062,0.02270
13.388,-0.85948,0.79072,-0.10863
13.399,-0.90896,0.57265,-0.28823
13.409,0.02566,0.60563,-0.60344
13.419,1.69455,-0.16711,-0.36642
13.430,1.36346,-0.17017,-0.11658
13.440,-0.37690,0.27149,0.06058
13.450,-0.51984,0.20613,0.09356
13.461,-0.18570,-0.32410,0.02759
13.471,-0.36529,-0.72239,-0.09336
13.481,-0.58826,-0.96307,-0.15201
13.492,-0.57482,-1.20314,-0.21065
13.502,-0.49113,-1.21963,-0.33282
13.512,-0.21196,-1.59165,-0.47576
13.523,0.27368,-2.16708,-0.65047
13.533,0.72449,-2.47252,-0.68712
13.544,0.85094,-2.11516,-0.54479
13.559,0.18693,-2.03025,-0.31450
13.570,-0.15637,-1.98627,-0.25952
13.580,-0.61452,-1.78774,-0.29312
13.591,-0.80450,-1.75597,-0.33404
13.601,-0.71043,-1.85432,-0.36825
13.611,-0.50090,-1.91724,-0.40002
13.621,-0.27732,-1.92763,-0.42751
13.632,-0.03787,-1.90991,-0.45744
13.642,0.19854,-1.87937,-0.46599
13.652,0.31644,-1.87753,-0.41834
13.662,0.14417,-1.74681,-0.22836
13.673,-0.09712,-1.44321,0.00621
13.683,-0.31459,-1.08036,0.16442
13.693,-0.52289,-0.66802,0.17481
13.703,-0.04947,-0.25752,0.32203
13.714,0.62553,0.15542,-0.07382
13.724,0.06659,-0.04127,-0.25097
13.734,-0.76907,-0.29173,-0.08176
13.744,-0.86498,-0.22881,0.07401
13.755,-0.70249,0.07907,0.28965
13.765,-0.81305,0.43398,0.45947
13.775,-0.71776,0.50484,0.50162
13.786,-0.18508,0.57081,0.46741
13.796,0.30116,0.99414,0.36112
13.806,0.55345,1.40892,0.22856
13.817,0.86133,1.84508,0.33363
13.828,1.20586,1.76383,0.51567
13.838,0.92974,1.77055,0.73741
13.848,-0.14477,2.01856,0.85287
13.859,-0.90652,2.10653,0.95916
13.869,-0.98349,2.04789,0.96893
13.879,-0.91079,2.13585,0.93961
13.889,-0.65850,2.27391,0.84493
13.900,-0.15637,2.29590,0.67755
13.910,0.39646,2.23664,0.51262
13.920,0.83262,2.11203,0.38556
13.931,1.00244,1.95381,0.35623
13.941,0.83445,1.73757,0.29270
13.951,0.47587,1.48406,0.14182
13.962,0.03788,1.22505,-0.02189
13.972,-0.23334,1.07661,-0.19354
13.982,-0.20036,1.15969,-0.23386
13.993,0.77397,0.70459,-0.30167
14.003,1.68844,0.28493,-0.24974
14.013,0.74893,0.37106,0.06180
14.024,-0.21135,0.59769,0.27010
14.034,-0.22662,0.45719,0.31408
14.045,-0.27122,-0.09503,0.17908
14.055,-0.71532,-0.65275,-0.01823
14.065,-0.75502,-0.86411,-0.07809
14.076,-0.43798,-1.01316,-0.11230
14.087,-0.25533,-1.02293,-0.11169
14.097,-0.09101,-1.26239,-0.22042
14.107,0.10752,-1.71382,-0.28456
14.118,0.71839,-2.04858,-0.25341
14.128,0.85216,-1.86226,-0.25402
14.138,0.41417,-1.95023,-0.27479
14.148,-0.22846,-2.08645,-0.27601
14.159,-0.69332,-1.97711,-0.28945
14.169,-0.91568,-1.89525,-0.31572
14.179,-1.02625,-1.91541,-0.34382
14.190,-0.98593,-1.95878,-0.39391
14.200,-0.78373,-1.99665,-0.45866
14.210,-0.52900,-2.00948,-0.50448
14.221,-0.32803,-2.01376,-0.50081
14.231,-0.24923,-1.97344,-0.46538
14.241,-0.37201,-1.72848,-0.32060
14.252,-0.58215,-1.23368,-0.12268
14.262,-0.82344,-0.55745,0.05141
14.273,-0.63957,-0.19338,0.10700
14.283,0.60293,0.18047,0.23101
14.294,0.91997,0.36862,-0.21859
14.304,-0.13560,0.07723,-0.32916
14.314,-0.54672,-0.11152,-0.38413
14.325,-0.24617,-0.13229,-0.41101
14.335,-0.31337,0.05646,-0.25952
14.345,-0.37751,0.27454,-0.08237
14.356,-0.24861,0.49934,0.03003
14.366,0.11363,0.92328,0.18458
14.376,0.36714,1.28430,0.34646
14.387,0.50886,1.71191,0.44725
14.397,0.64264,2.34782,0.50467
14.407,0.70922,2.52558,0.54743
14.418,0.69639,2.57018,0.59325
14.428,0.51863,2.51336,0.61646
14.438,0.09591,2.48282,0.61280
14.449,-0.13438,2.48893,0.61830
14.459,-0.17348,2.50237,0.61952
14.469,-0.00182,2.53536,0.59447
14.480,0.27490,2.50115,0.58409
14.490,0.54918,2.42601,0.57431
14.500,0.79169,2.30567,0.54133
14.511,0.93158,2.14990,0.47108
14.521,0.94074,1.98619,0.37151
14.531,0.53879,1.68625,0.25055
14.542,-0.03237,1.28430,0.12227
14.552,-0.63224,0.97032,-0.19049
14.562,-0.82405,0.98865,-0.76348
14.572,-0.73975,1.28797,-1.23385
14.583,0.66646,-0.03272,-0.96018
14.593,2.06412,-0.49392,-0.30961
14.603,0.76115,0.07113,-0.14712
14.614,-0.78495,0.08456,-0.04205
14.624,-0.64812,-0.55196,0.04225
14.635,-0.11178,-0.76881,0.00071
14.645,0.22664,-0.76393,-0.04266
14.656,0.23397,-1.16465,-0.11841
14.667,0.03666,-1.76025,-0.30839
14.677,0.11974,-2.18052,-0.44400
14.687,0.78925,-2.49878,-0.57961
14.698,0.98411,-2.55498,-0.59244
14.708,0.83445,-2.34729,-0.43484
14.719,0.45327,-1.99971,-0.21248
14.729,0.00612,-1.72482,-0.11596
14.740,-0.30787,-1.60570,-0.10008
14.750,-0.54794,-1.54400,-0.16544
14.760,-0.46730,-1.59654,-0.26379
14.771,-0.33169,-1.66068,-0.31877
14.781,-0.11789,-1.68145,-0.36337
14.791,0.11546,-1.59959,-0.39941
14.801,0.23825,-1.49208,-0.37314
14.812,0.20587,-1.43710,-0.27418
14.822,0.10386,-1.30576,-0.13673
14.833,-0.17470,-0.99361,0.02759
14.843,-0.57359,-0.50064,0.26705
14.853,-0.79778,-0.18299,0.41549
14.863,-0.93095,-0.28379,0.60852
14.874,0.29444,0.10167,0.37517
14.884,0.76237,0.19819,-0.20698
14.894,-0.25900,-0.15917,-0.17705
14.905,-0.65850,-0.21415,0.04836
14.916,-0.26205,0.05097,0.07279
14.926,-0.13866,0.25744,0.13205
14.936,-0.03970,0.37656,0.25117
14.947,0.04643,0.50362,0.37089
14.957,0.24374,1.04607,0.46497
14.967,0.67318,1.70641,0.51628
14.978,1.08979,2.19571,0.47719
14.988,0.83812,2.26108,0.40510
14.998,0.28895,2.25986,0.32813
15.008,-0.07818,2.27452,0.36906
15.019,-0.27427,2.20121,0.50956
15.029,-0.52717,2.07293,0.59264
15.039,-0.77946,1.98619,0.65250
15.050,-0.82710,2.00146,0.71664
15.060,-0.64384,2.06499,0.75085
15.070,-0.31886,2.11630,0.73436
15.081,0.13440,2.12669,0.68732
15.091,0.38058,2.08637,0.63112
15.101,0.57666,1.97031,0.54010
15.112,0.61148,1.82920,0.41060
15.122,0.34270,1.61417,0.26644
15.132,-0.23884,1.26048,0.15709
15.142,-0.80389,0.76385,-0.05182
15.153,-1.28953,0.33380,-0.59305
15.163,-1.45263,0.55615,-1.08296
15.173,0.31705,-0.16284,-0.86122
15.184,1.42332,-0.55990,-0.46416
15.194,0.33965,-0.42734,-0.21309
15.204,-0.93828,-0.14451,-0.20759
15.214,-1.06290,-0.44933,-0.20943
15.225,-0.46914,-0.97406,-0.17827
15.235,-0.26816,-1.06203,-0.15567
15.245,-0.25228,-0.97468,-0.21492
15.256,-0.16981,-1.11640,-0.31083
15.266,0.08125,-2.38089,-0.66819
15.277,0.61576,-3.31795,-0.75615
15.287,1.31520,-3.36988,-0.75860
15.297,1.49907,-3.24099,-0.68224
15.307,1.09529,-3.25137,-0.48981
15.318,0.46182,-3.15669,-0.41651
15.328,-0.05069,-3.01313,-0.41895
15.339,-0.58642,-2.75352,-0.49959
15.349,-0.66522,-2.44564,-0.59000
15.360,-0.62918,-2.13349,-0.64986
15.370,-0.52778,-1.89036,-0.69140
15.380,-0.29932,-1.71382,-0.71400
15.391,-0.15576,-1.63624,-0.65719
15.401,-0.08124,-1.49758,-0.47271
15.411,-0.04336,-1.30088,-0.22409
15.422,-0.17470,-0.98506,0.05019
15.432,-0.52900,-0.52813,0.43687
15.443,-0.78801,-0.23064,0.76918
15.453,-0.57421,-0.12130,0.76551
15.463,0.26329,0.00698,0.30065
15.473,0.96640,0.16642,0.15159
15.484,0.70311,-0.11091,0.14793
15.494,-0.07207,-0.27524,0.00438
15.504,-0.14293,-0.31433,-0.27235
15.515,0.25168,-0.35526,-0.45438
15.525,0.29200,-0.35831,-0.41834
15.535,0.13501,-0.04799,-0.15262
15.545,0.26207,0.45964,0.08684
15.556,0.63348,1.04240,0.35562
15.566,1.01710,1.75039,0.61524
15.577,1.26022,2.15418,0.81072
15.587,1.27549,2.33621,0.84554
15.597,1.10445,2.31667,0.76857
15.607,0.93952,2.25558,0.65800
15.618,0.66829,2.24581,0.55599
15.628,0.28040,2.24519,0.48268
15.639,-0.10506,2.28307,0.41488
15.649,-0.23640,2.33866,0.36845
15.659,-0.08551,2.37225,0.38067
15.670,0.07026,2.32155,0.42771
15.680,0.13134,2.15173,0.44420
15.691,0.09836,1.87135,0.40205
15.701,-0.03725,1.45901,0.30248
15.711,-0.29993,1.02102,0.21085
15.721,-0.65117,0.55676,0.12472
15.732,-1.10810,0.29104,-0.08115
15.742,-1.24249,0.51034,-0.50386
15.752,-1.35795,0.84082,-0.37864
15.763,0.03483,-0.21720,0.13816
15.773,1.54000,-0.79447,-0.04633
15.783,0.15700,-0.52813,-0.13735
15.794,-1.45752,-0.53974,0.18886
15.804,-1.43736,-0.75049,0.48146
15.814,-0.62735,-0.74133,0.56332
15.825,-0.03848,-0.63198,0.58775
15.838,0.09347,-1.18604,0.38189
15.848,-0.00610,-2.33813,0.16259
15.858,0.19426,-2.96610,0.02820
15.869,0.65424,-2.27032,-0.04938
15.879,0.84300,-1.32592,-0.16789
15.890,0.83384,-1.56172,-0.18072
15.900,0.76176,-1.74314,-0.08664
15.911,0.08981,-1.57027,-0.09764
15.921,-0.61086,-1.39495,-0.23203
15.931,-0.67011,-1.44687,-0.35481
15.941,-0.59192,-1.48597,-0.43423
15.952,-0.65179,-1.47436,-0.47943
15.963,-0.73547,-1.49330,-0.59061
15.973,-0.68905,-1.52873,-0.67430
15.983,-0.56871,-1.60692,-0.72622
15.993,-0.48991,-1.62647,-0.70728
16.004,-0.58337,-1.53728,-0.59794
16.014,-0.80511,-1.25079,-0.41040
16.024,-0.90224,-0.87999,-0.17705
16.035,-0.85643,-0.50614,0.06607
16.047,-0.59436,-0.47254,-0.01945
16.057,-0.07269,-0.57761,0.08929
16.067,0.84728,-0.50859,0.20474
16.078,1.09590,-0.66619,-0.06160
16.088,0.24741,-0.57028,-0.04266
16.098,-0.14293,-0.29845,-0.22531
16.109,0.00673,-0.31311,-0.42262
16.119,0.26268,-0.16711,-0.30350
16.129,0.72388,-0.18361,-0.02983
16.140,1.36651,-0.21354,0.23223
16.150,1.84788,-0.03700,0.37578
16.161,1.84910,0.54943,0.34768
16.171,1.54428,0.87380,0.31897
16.182,0.83140,1.36738,0.48390
16.192,0.56872,1.48345,0.64517
16.203,0.26329,1.57813,0.72703
16.213,-0.13194,1.71680,0.67816
16.223,-0.41905,1.72168,0.67266
16.233,-0.56443,1.73634,0.68305
16.244,-0.56565,1.87562,0.69526
16.254,-0.42088,1.97336,0.70259
16.265,-0.17165,1.93121,0.69893
16.275,-0.03237,1.86829,0.67083
16.285,-0.05986,1.78644,0.57859
16.296,-0.39767,1.53659,0.45275
16.306,-0.95966,1.20489,0.39228
16.317,-1.36528,0.86769,0.38311
16.328,-1.27426,0.65450,0.18641
16.338,-0.92423,0.45536,-0.13979
16.348,-0.20524,0.38145,-0.17827
16.359,0.50764,0.38572,0.16381
16.369,0.08675,0.49995,0.30309
16.379,-0.76235,0.52378,0.30126
16.389,-1.05312,0.43887,0.19008
16.400,-0.84543,0.07846,0.08745
16.410,-0.93156,-0.25874,0.13571
16.421,-0.77213,-0.16894,0.24628
16.431,-0.58092,-0.22576,0.18886
16.441,-0.37201,-0.83723,0.09662
16.451,-0.20830,-1.29599,-0.03350
16.462,-0.11300,-1.47314,-0.14040
16.472,-0.04092,-1.54095,-0.19538
16.482,-0.16493,-1.87326,-0.19965
16.493,-0.45020,-2.08095,-0.12696
16.503,-0.90652,-1.90686,-0.09458
16.514,-1.20523,-1.85249,-0.12330
16.524,-1.48989,-1.95511,-0.13490
16.535,-1.52288,-1.95145,-0.14773
16.545,-1.27792,-1.86715,-0.30533
16.555,-0.95416,-1.81095,-0.44278
16.566,-0.54794,-1.78835,-0.52891
16.577,-0.16676,-1.85432,-0.55762
16.587,0.15028,-1.87876,-0.56190
16.597,0.42212,-1.72971,-0.57228
16.608,0.33171,-1.49147,-0.50814
16.618,-0.16431,-1.01194,-0.37619
16.628,-0.37995,-0.56845,-0.30594
16.639,0.15944,-0.17627,-0.29739
16.649,0.91692,-0.02050,-0.39818
16.659,1.12583,0.02226,-0.48920
16.669,0.68662,0.17192,-0.45744
16.680,0.08492,0.12671,-0.30045
16.690,0.14112,-0.13351,-0.25769
16.700,0.66463,-0.29051,-0.41101
16.711,1.20830,-0.48965,-0.57656
16.721,1.56016,-0.55257,-0.60282
16.731,1.44898,-0.37847,-0.55640
16.741,1.16554,-0.26241,-0.47821
16.752,1.31948,-0.22331,-0.38719
16.762,1.57176,0.13527,-0.17522
16.773,1.29749,1.07172,0.27926
16.783,0.81307,1.45901,0.55171
16.793,0.27978,1.74367,0.55415
16.804,-0.08612,1.90067,0.36234
16.814,-0.12217,1.99657,0.26827
16.824,-0.01954,2.01307,0.36723
16.835,0.22725,1.99169,0.45703
16.845,0.42273,2.02284,0.43381
16.855,0.67440,2.07293,0.35074
16.865,0.93891,2.16456,0.24689
16.876,1.01404,2.12730,0.14732
16.886,0.82712,1.92266,0.06119
16.896,0.29994,1.54514,0.00621
16.907,-0.56260,1.07050,0.02026
16.917,-1.20156,0.73453,0.07646
16.927,-1.22722,0.62457,0.04347
16.938,-0.54305,0.31730,-0.50814
16.948,0.49053,0.15115,-0.60588
16.959,0.75076,-0.27401,-0.14712
16.969,-0.29871,-0.21171,-0.17949
16.979,-0.58948,0.07357,-0.14529
16.990,-0.29321,0.18230,-0.10558
17.000,-0.06169,0.04975,-0.13735
17.011,0.02933,-0.01256,-0.24791
17.021,0.16372,0.06318,-0.33710
17.031,0.43311,-0.06571,-0.37680
17.042,0.70983,-0.57150,-0.53196
17.052,0.69884,-1.55194,-0.87038
17.062,0.77581,-2.06202,-1.09701
17.073,1.24862,-1.77552,-1.14039
17.083,1.51190,-1.70344,-1.01699
17.094,1.02015,-1.86043,-0.74882
17.104,0.00123,-1.82439,-0.60160
17.116,-0.45692,-1.68145,-0.52891
17.126,-0.25656,-1.72054,-0.50570
17.136,-0.01771,-1.78835,-0.55396
17.146,0.16616,-1.83294,-0.71767
17.157,0.21687,-1.83416,-0.90704
17.167,0.13440,-1.86959,-1.05059
17.177,0.05254,-1.87387,-1.03837
17.188,0.00245,-1.82744,-0.94491
17.198,-0.08063,-1.78163,-0.82213
17.209,-0.18447,-1.62341,-0.69751
17.219,-0.57604,-1.14266,-0.37436
17.229,-0.77640,-0.78470,-0.21065
17.240,-1.06412,-0.07548,0.06974
17.250,-1.28220,0.12549,0.03919
17.260,-1.07145,0.33502,-0.02617
17.271,0.06293,0.64351,0.09601
17.281,0.01956,0.57875,0.03309
17.291,-0.53939,0.44009,0.24200
17.301,-0.52595,0.64045,0.39838
17.312,-0.20280,0.86830,0.53277
17.322,0.13929,0.75591,0.53522
17.333,0.51375,0.18902,0.48757
17.343,0.44716,1.27575,0.52056
17.353,0.44533,2.47855,0.58409
17.363,0.93646,2.74244,0.88524
17.374,1.19486,2.36187,1.03002
17.384,0.67501,2.64042,0.82355
17.395,0.30422,2.88111,0.84065
17.405,0.13562,2.89882,0.95549
17.415,0.03238,2.81147,1.00253
17.426,-0.04581,2.77359,1.00558
17.436,-0.06352,2.89454,0.99398
17.447,0.09408,2.99778,0.99153
17.457,0.32071,3.08758,0.99337
17.467,0.55406,3.13400,0.97932
17.477,0.60110,3.10651,0.96343
17.488,0.58766,2.98312,0.93472
17.499,0.52902,2.83346,0.88097
17.509,0.33598,2.61171,0.78934
17.519,0.00001,2.23848,0.59081
17.530,-0.46669,1.63372,0.30859
17.540,-1.26876,0.72964,-0.15689
17.550,-1.79899,0.33013,-0.54296
17.561,-2.45139,1.07905,-0.95041
17.571,-1.44224,0.89824,-0.44828
17.581,0.74160,-0.33205,0.00193
17.592,1.22235,-0.37786,0.08562
17.602,-0.07879,0.10900,-0.03900
17.613,-0.67866,-0.05532,0.05691
17.623,-0.00182,-0.59533,0.17969
17.634,0.77947,-0.66252,0.17664
17.644,0.93708,-0.75476,0.16320
17.654,0.75687,-0.79691,0.12411
17.665,0.85766,-0.89282,-0.01212
17.675,1.03298,-1.11151,-0.29800
17.685,0.72205,-1.97161,-0.49226
17.696,0.68418,-2.07912,-0.50814
17.706,0.80635,-1.68145,-0.68285
17.716,0.29628,-1.67351,-0.76837
17.726,-0.58520,-1.65151,-0.67246
17.737,-1.04213,-1.35463,-0.67430
17.747,-1.10688,-1.16893,-0.73172
17.757,-1.19057,-1.18420,-0.76043
17.768,-1.25227,-1.26972,-0.82457
17.778,-1.24494,-1.30332,-0.93941
17.788,-1.21867,-1.22391,-1.11412
17.799,-1.13193,-1.09868,-1.28272
17.809,-1.00548,-0.97101,-1.26989
17.819,-0.94134,-0.86839,-1.11473
17.830,-0.98226,-0.75232,-0.83617
17.840,-0.88330,-0.60571,-0.45316
17.850,-0.36712,-0.19582,0.25666
17.861,-0.50029,-0.39924,0.82355
17.871,0.18143,0.07723,0.86814
17.882,1.34330,0.39916,-0.10191
17.892,0.97922,0.00454,-0.33710
17.902,-0.29932,-0.39130,-0.23508
17.913,-0.66034,-0.12618,-0.19843
17.923,-0.24312,0.41138,-0.20943
17.933,0.08614,0.61724,-0.19965
17.944,-0.19913,-0.11458,-0.03289
17.954,-0.21807,-0.50675,0.21940
17.965,0.82407,0.19024,0.33302
17.976,1.53756,1.20550,0.61035
17.986,1.60414,1.59951,0.76857
17.997,1.28771,1.55797,0.81927
18.009,0.60599,1.47550,0.97076
18.019,0.20465,1.58241,0.98359
18.030,0.10324,1.70458,0.95549
18.040,0.05254,1.74917,0.91090
18.050,-0.01771,1.79010,0.80522
18.061,0.02200,1.87379,0.74169
18.071,0.16922,2.04361,0.76918
18.081,0.29383,2.17433,0.79300
18.091,0.55284,2.32766,0.75879
18.102,0.78925,2.31178,0.60241
18.112,0.75992,2.03994,0.37823
18.124,0.42212,1.56836,0.16992
18.134,-0.36040,0.98193,-0.03655
18.144,-0.87292,0.52622,-0.18377
18.155,-1.05251,0.24461,-0.47210
18.165,-1.14720,0.74002,-0.44156
18.175,-1.06412,0.29226,-0.34198
18.185,1.75441,-0.41818,-0.69445
18.196,2.43553,0.05402,-0.39635
18.206,0.75687,0.58608,-0.12391
18.216,-0.34452,0.49201,0.07707
18.227,-0.01771,-0.19827,0.06119
18.237,0.47221,-0.42490,-0.17522
18.247,0.68540,-0.25569,-0.40857
18.258,0.66219,-0.36076,-0.66147
18.268,0.35309,-1.55866,-0.67735
18.279,0.66952,-2.08584,-0.60527
18.289,1.17287,-1.83050,-0.50264
18.299,0.90348,-2.15731,-0.18560
18.309,0.68723,-2.49268,-0.07198
18.320,0.67990,-2.61241,-0.09214
18.330,0.60110,-2.69060,-0.11841
18.341,0.38058,-2.71992,-0.12940
18.351,0.13379,-2.76940,-0.18255
18.361,-0.03787,-2.98015,-0.31205
18.371,-0.12766,-3.04734,-0.46416
18.382,-0.23090,-2.98870,-0.63520
18.392,-0.38362,-2.84331,-0.77264
18.402,-0.63407,-2.59713,-0.84167
18.413,-0.90713,-2.17869,-0.83434
18.423,-0.99876,-1.67228,-0.77631
18.433,-0.99326,-1.25445,-0.64009
18.443,-1.02808,-0.83296,-0.42812
18.454,-1.19118,-0.31433,-0.25036
18.464,-1.37871,0.31303,-0.02311
18.474,-1.29503,0.51767,0.09662
18.485,-0.59742,0.34235,0.10150
18.495,0.68234,0.60258,-0.41712
18.505,0.96395,0.69848,-0.77570
18.515,-0.13744,0.66916,-0.57289
18.526,-0.69577,0.60563,-0.33771
18.536,-0.22296,0.63495,-0.23692
18.546,0.18754,0.43398,-0.22836
18.557,0.13745,0.01737,-0.17339
18.567,0.04155,-0.52508,-0.03472
18.577,0.06354,0.46758,0.22917
18.587,0.51680,1.58241,0.45275
18.598,1.09101,1.51888,0.53338
18.608,1.06352,1.24582,0.57798
18.618,0.34393,1.37838,0.69649
18.629,-0.12705,1.49017,0.76185
18.639,-0.21746,1.52498,0.80583
18.649,-0.21746,1.52498,0.80583
18.659,-0.21746,1.52498,0.80583
18.670,-0.01221,1.91594,0.48390
18.680,0.20709,1.97153,0.44359
18.690,0.51863,2.02589,0.47047
18.701,0.68967,2.04056,0.50651
18.711,0.74587,2.02284,0.47352
